"","Estimate","Std. Error","z value","Pr(>|z|)","variable","nagelkerke"
"(Intercept)",-0.215600762413736,0.511360720969956,-0.421621672475706,0.673301184720494,"NDVI_2018_2024_NDVI_Q4_otono_max",0.00178810523773132
"NDVI_2018_2024_NDVI_Q4_otono_max",0.369044771284093,0.828762671931688,0.445296082681814,0.656105798421619,"NDVI_2018_2024_NDVI_Q4_otono_max",0.00178810523773132
