"","Estimate","Std. Error","z value","Pr(>|z|)","variable","nagelkerke"
"(Intercept)",-1.31706187357497,0.554018481877133,-2.37728869461626,0.017440432243417,"EVI_2018_2024_EVI_Anual_max",0.0575106137171855
"EVI_2018_2024_EVI_Anual_max",3.12696496950852,1.25754445192885,2.48656416456079,0.0128983307559968,"EVI_2018_2024_EVI_Anual_max",0.0575106137171855
