"","Estimate","Std. Error","z value","Pr(>|z|)","variable","nagelkerke"
"(Intercept)",-1.75048492729504,0.475701810154348,-3.67979454761181,0.000233421937525869,"EVI_2018_2024_EVI_Q3_verano_max",0.14880931148879
"EVI_2018_2024_EVI_Q3_verano_max",5.71428049144281,1.46931316882107,3.88908274471382,0.000100623809138411,"EVI_2018_2024_EVI_Q3_verano_max",0.14880931148879
