"","Estimate","Std. Error","z value","Pr(>|z|)","variable","nagelkerke"
"(Intercept)",-0.585028457634545,0.262427066638757,-2.22929923017379,0.0257940018391444,"EVI_2018_2024_EVI_Anual_min",0.0793534874782792
"EVI_2018_2024_EVI_Anual_min",8.15523332984334,2.84503532755589,2.86647875717218,0.00415066014449787,"EVI_2018_2024_EVI_Anual_min",0.0793534874782792
