"","Estimate","Std. Error","z value","Pr(>|z|)","variable","nagelkerke"
"(Intercept)",-0.41150165207419,0.401413543963922,-1.02513145921946,0.305301163414973,"NDVI_2018_2024_NDVI_Q4_otono_mean",0.0114405570892474
"NDVI_2018_2024_NDVI_Q4_otono_mean",1.15326942276963,1.02616952429351,1.12385857839973,0.261073026008939,"NDVI_2018_2024_NDVI_Q4_otono_mean",0.0114405570892474
