"","Estimate","Std. Error","z value","Pr(>|z|)","variable","nagelkerke"
"(Intercept)",-0.924439446754742,0.317672086701557,-2.91004304581291,0.00361378980249542,"EVI_2018_2024_EVI_Q3_verano_min",0.114684284490689
"EVI_2018_2024_EVI_Q3_verano_min",8.49192725024558,2.50459978018677,3.39053261819432,0.000697569529211767,"EVI_2018_2024_EVI_Q3_verano_min",0.114684284490689
