"","Estimate","Std. Error","z value","Pr(>|z|)","variable","nagelkerke"
"(Intercept)",0.204489284911775,0.217552101050726,0.939955458596536,0.347240408338346,"NDII_2018_2024_NDII_Q4_otono_min",0.019191452483494
"NDII_2018_2024_NDII_Q4_otono_min",1.77266202425595,1.23800892006951,1.43186530849586,0.152182372242204,"NDII_2018_2024_NDII_Q4_otono_min",0.019191452483494
