"","Estimate","Std. Error","z value","Pr(>|z|)","variable","nagelkerke"
"(Intercept)",-0.434908558499313,0.462965912853721,-0.939396500745674,0.347527208950111,"EVI_2018_2024_EVI_Q4_otono_max",0.00914187315747868
"EVI_2018_2024_EVI_Q4_otono_max",1.32519426624404,1.31941715055947,1.00437853614538,0.315196191682049,"EVI_2018_2024_EVI_Q4_otono_max",0.00914187315747868
