"","Estimate","Std. Error","z value","Pr(>|z|)","variable","nagelkerke"
"(Intercept)",-0.11863416177721,0.432368025482638,-0.274382365913349,0.783790793153525,"EVI_2018_2024_EVI_Q1_invierno_mean",0.00079328715056907
"EVI_2018_2024_EVI_Q1_invierno_mean",0.550488031606498,1.85560857611786,0.296661719875309,0.766724785111936,"EVI_2018_2024_EVI_Q1_invierno_mean",0.00079328715056907
