"","Estimate","Std. Error","z value","Pr(>|z|)","variable","nagelkerke"
"(Intercept)",-1.56207653315847,0.476787666764961,-3.27625197135924,0.00105194664327291,"EVI_2018_2024_EVI_Anual_mean",0.117941260271472
"EVI_2018_2024_EVI_Anual_mean",7.47060112475562,2.15195016957182,3.47154930926772,0.000517464288233338,"EVI_2018_2024_EVI_Anual_mean",0.117941260271472
