"","Estimate","Std. Error","z value","Pr(>|z|)","variable","nagelkerke"
"(Intercept)",-0.526659298284171,0.278022379911073,-1.89430540970344,0.0581844833897063,"EVI_2018_2024_EVI_Q4_otono_min",0.0520135032083258
"EVI_2018_2024_EVI_Q4_otono_min",6.13615225547345,2.62693793621101,2.33585733826814,0.0194986780596546,"EVI_2018_2024_EVI_Q4_otono_min",0.0520135032083258
