"","Estimate","Std. Error","z value","Pr(>|z|)","variable","nagelkerke"
"(Intercept)",-1.49352295986524,0.437549276321714,-3.41338231072082,0.000641618641940072,"NDVI_2018_2024_NDVI_Q3_verano_mean",0.13180177361967
"NDVI_2018_2024_NDVI_Q3_verano_mean",5.072713083443,1.38431101293322,3.66443164581522,0.000247888428769939,"NDVI_2018_2024_NDVI_Q3_verano_mean",0.13180177361967
