"","Estimate","Std. Error","z value","Pr(>|z|)","variable","nagelkerke"
"(Intercept)",2.13334480223971,1.43755870181333,1.48400534847636,0.137807501681839,"CWSI_2018_2024_CWSI_Q4_otono_max",0.0243203660016465
"CWSI_2018_2024_CWSI_Q4_otono_max",-4.16500331413324,2.80057950892616,-1.48719338296174,0.136963743214176,"CWSI_2018_2024_CWSI_Q4_otono_max",0.0243203660016465
