"","Estimate","Std. Error","z value","Pr(>|z|)","variable","nagelkerke"
"(Intercept)",-1.69329919086435,0.449357820319595,-3.76826465301089,0.000164386368640516,"EVI_2018_2024_EVI_Q3_verano_mean",0.164379976506986
"EVI_2018_2024_EVI_Q3_verano_mean",8.57838418099761,2.14987893572552,3.99017081308471,6.6025728077478e-05,"EVI_2018_2024_EVI_Q3_verano_mean",0.164379976506986
