"","Estimate","Std. Error","z value","Pr(>|z|)","variable","nagelkerke"
"(Intercept)",-0.829611059231488,0.408356502513256,-2.03158527934683,0.0421956581959919,"EVI_2018_2024_EVI_Q4_otono_mean",0.0458439919274181
"EVI_2018_2024_EVI_Q4_otono_mean",4.45846714914356,2.02016322944092,2.2069836160603,0.0273152039978398,"EVI_2018_2024_EVI_Q4_otono_mean",0.0458439919274181
